{
  "name": "S M Fajla Rabbi | Portfolio",
  "short_name": "Rabbi Portfolio",
  "description": "Data-driven ROI and Meta Ads Scaling specialist portfolio of S M Fajla Rabbi.",
  "theme_color": "#2563eb",
  "background_color": "#f8fafc",
  "display": "standalone",
  "icons": [
    {
      "src": "https://img.icons8.com/fluency/192/000000/bullseye.png",
      "sizes": "192x192",
      "type": "image/png",
      "purpose": "any maskable"
    },
    {
      "src": "https://img.icons8.com/fluency/512/000000/bullseye.png",
      "sizes": "512x512",
      "type": "image/png",
      "purpose": "any maskable"
    }
  ],
  "requestFramePermissions": [
    "microphone"
  ]
}